-- Dados iniciais para desenvolvimento
INSERT INTO setor (id, nome, descricao) VALUES 
(1, 'Almoxarifado Central', 'Setor principal de armazenamento'),
(2, 'Farmácia', 'Setor de medicamentos'),
(3, 'Laboratório', 'Setor de análises clínicas'),
(4, 'Enfermagem', 'Setor de cuidados de enfermagem'),
(5, 'Cirurgia', 'Centro cirúrgico');

INSERT INTO almoxarifado (id, nome, descricao, setor_id) VALUES 
(1, 'Almoxarifado Principal', 'Almoxarifado central da unidade', 1),
(2, 'Almoxarifado Farmácia', 'Almoxarifado da farmácia', 2);

INSERT INTO produto (id, nome, descricao, unidade_medida, categoria, ativo) VALUES 
(1, 'Dipirona 500mg', 'Analgésico e antitérmico', 'COMPRIMIDO', 'MEDICAMENTO', true),
(2, 'Paracetamol 750mg', 'Analgésico e antitérmico', 'COMPRIMIDO', 'MEDICAMENTO', true),
(3, 'Seringa 10ml', 'Seringa descartável', 'UNIDADE', 'MATERIAL_HOSPITALAR', true),
(4, 'Luvas Descartáveis', 'Luvas de procedimento', 'CAIXA', 'EPI', true);

INSERT INTO usuario (id, nome, email, senha, perfil, ativo) VALUES 
(1, 'Admin Sistema', 'admin@fasiclin.com', '$2a$10$N9qo8uLOickgx2ZMRZoMye', 'ADMINISTRADOR', true),
(2, 'João Silva', 'joao@fasiclin.com', '$2a$10$N9qo8uLOickgx2ZMRZoMye', 'OPERADOR', true),
(3, 'Maria Santos', 'maria@fasiclin.com', '$2a$10$N9qo8uLOickgx2ZMRZoMye', 'FARMACEUTICO', true);

INSERT INTO estoque (id, produto_id, almoxarifado_id, quantidade_atual, quantidade_minima, quantidade_maxima) VALUES 
(1, 1, 1, 100, 10, 500),
(2, 2, 1, 80, 15, 400),
(3, 3, 1, 50, 5, 200),
(4, 4, 1, 20, 2, 100),
(5, 1, 2, 30, 5, 100),
(6, 2, 2, 25, 5, 100);